{"cameraMode":{"drawMode":0,"name":"Shaded","section":"Shading Mode"},"sceneLighting":false,"audioPlay":false,"sceneViewState":{"showFog":true,"showMaterialUpdate":true,"showSkybox":false,"showFlares":true,"showImageEffects":true,"showParticleSystems":true},"in2DMode":false,"pivot":{"x":1124.29931640625,"y":15.150508880615235,"z":2721.25390625},"rotation":{"x":-0.11162148416042328,"y":-0.02772972546517849,"z":0.003115364583209157,"w":-0.9933603405952454},"size":2.806279420852661,"orthographic":false}