{"cameraMode":{"drawMode":0,"name":"Shaded","section":"Shading Mode"},"sceneLighting":false,"audioPlay":false,"sceneViewState":{"showFog":true,"showMaterialUpdate":true,"showSkybox":false,"showFlares":true,"showImageEffects":true,"showParticleSystems":true},"in2DMode":false,"pivot":{"x":1156.1177978515625,"y":31.43047523498535,"z":3907.447021484375},"rotation":{"x":-0.031212497502565385,"y":-0.9605976939201355,"z":0.11899013817310333,"w":-0.2497190684080124},"size":5.776182174682617,"orthographic":false}