{"cameraMode":{"drawMode":0,"name":"Shaded","section":"Shading Mode"},"sceneLighting":false,"audioPlay":false,"sceneViewState":{"showFog":true,"showMaterialUpdate":true,"showSkybox":false,"showFlares":true,"showImageEffects":true,"showParticleSystems":true},"in2DMode":false,"pivot":{"x":1124.271240234375,"y":15.025087356567383,"z":2720.911376953125},"rotation":{"x":0.09331747144460678,"y":-0.9024158716201782,"z":0.2477121204137802,"w":0.3399786651134491},"size":0.7062796354293823,"orthographic":false}