{"cameraMode":{"drawMode":0,"name":"Shaded","section":"Shading Mode"},"sceneLighting":false,"audioPlay":false,"sceneViewState":{"showFog":true,"showMaterialUpdate":true,"showSkybox":false,"showFlares":true,"showImageEffects":true,"showParticleSystems":true},"in2DMode":false,"pivot":{"x":909.53369140625,"y":37.04875564575195,"z":1649.6717529296875},"rotation":{"x":0.0597207210958004,"y":-0.9402269721031189,"z":0.23641039431095124,"w":0.23789387941360475},"size":5.369240760803223,"orthographic":false}