{"cameraMode":{"drawMode":0,"name":"Shaded","section":"Shading Mode"},"sceneLighting":false,"audioPlay":false,"sceneViewState":{"showFog":true,"showMaterialUpdate":true,"showSkybox":false,"showFlares":true,"showImageEffects":true,"showParticleSystems":true},"in2DMode":false,"pivot":{"x":1819.3292236328125,"y":40.369998931884769,"z":3283.44580078125},"rotation":{"x":0.22010178864002229,"y":-0.090567946434021,"z":0.020534111186861993,"w":0.9710497856140137},"size":0.7062807679176331,"orthographic":false}