{"cameraMode":{"drawMode":0,"name":"Shaded","section":"Shading Mode"},"sceneLighting":false,"audioPlay":false,"sceneViewState":{"showFog":true,"showMaterialUpdate":true,"showSkybox":false,"showFlares":true,"showImageEffects":true,"showParticleSystems":true},"in2DMode":false,"pivot":{"x":-21.540000915527345,"y":0.8999999761581421,"z":20.400001525878908},"rotation":{"x":0.13098923861980439,"y":0.7254778146743774,"z":-0.14398102462291718,"w":0.6601686477661133},"size":9.247379302978516,"orthographic":false}