{"cameraMode":{"drawMode":0,"name":"Shaded","section":"Shading Mode"},"sceneLighting":false,"audioPlay":false,"sceneViewState":{"showFog":true,"showMaterialUpdate":true,"showSkybox":false,"showFlares":true,"showImageEffects":true,"showParticleSystems":true},"in2DMode":false,"pivot":{"x":1.4248144626617432,"y":1.7446691989898682,"z":14.039576530456543},"rotation":{"x":-0.07847463339567185,"y":-0.3149906098842621,"z":0.026144525036215783,"w":-0.9454850554466248},"size":7.143291473388672,"orthographic":false}