{"cameraMode":{"drawMode":0,"name":"Shaded","section":"Shading Mode"},"sceneLighting":false,"audioPlay":false,"sceneViewState":{"showFog":true,"showMaterialUpdate":true,"showSkybox":false,"showFlares":true,"showImageEffects":true,"showParticleSystems":true},"in2DMode":false,"pivot":{"x":-21.950119018554689,"y":2.6064727306365969,"z":19.802593231201173},"rotation":{"x":0.0712461993098259,"y":0.749060332775116,"z":-0.08131394535303116,"w":0.6537573933601379},"size":6.636870384216309,"orthographic":false}