{"cameraMode":{"drawMode":0,"name":"Shaded","section":"Shading Mode"},"sceneLighting":false,"audioPlay":false,"sceneViewState":{"showFog":true,"showMaterialUpdate":true,"showSkybox":false,"showFlares":true,"showImageEffects":true,"showParticleSystems":true},"in2DMode":false,"pivot":{"x":1408.743896484375,"y":30.977783203125,"z":3904.2744140625},"rotation":{"x":0.0726785659790039,"y":0.9163931012153626,"z":-0.1947544813156128,"w":0.3421098291873932},"size":0.28597304224967959,"orthographic":false}