{"cameraMode":{"drawMode":0,"name":"Shaded","section":"Shading Mode"},"sceneLighting":false,"audioPlay":false,"sceneViewState":{"showFog":true,"showMaterialUpdate":true,"showSkybox":false,"showFlares":true,"showImageEffects":true,"showParticleSystems":true},"in2DMode":false,"pivot":{"x":1958.114990234375,"y":31.902000427246095,"z":3305.90283203125},"rotation":{"x":-0.11162148416042328,"y":-0.02772972546517849,"z":0.003115364583209157,"w":-0.9933603405952454},"size":0.7062807679176331,"orthographic":false}