{"cameraMode":{"drawMode":0,"name":"Shaded","section":"Shading Mode"},"sceneLighting":false,"audioPlay":false,"sceneViewState":{"showFog":true,"showMaterialUpdate":true,"showSkybox":false,"showFlares":true,"showImageEffects":true,"showParticleSystems":true},"in2DMode":false,"pivot":{"x":-0.08231115341186524,"y":1.8384559154510499,"z":16.686140060424806},"rotation":{"x":-0.08447952568531037,"y":-0.888058602809906,"z":0.18123070895671845,"w":-0.4139750599861145},"size":6.365809917449951,"orthographic":false}