{"cameraMode":{"drawMode":0,"name":"Shaded","section":"Shading Mode"},"sceneLighting":false,"audioPlay":false,"sceneViewState":{"showFog":true,"showMaterialUpdate":true,"showSkybox":false,"showFlares":true,"showImageEffects":true,"showParticleSystems":true},"in2DMode":false,"pivot":{"x":1799.7139892578125,"y":28.982322692871095,"z":3480.428955078125},"rotation":{"x":-0.06353522092103958,"y":0.896077036857605,"z":-0.13624180853366853,"w":-0.41770365834236147},"size":0.42849797010421755,"orthographic":false}