{"cameraMode":{"drawMode":0,"name":"Shaded","section":"Shading Mode"},"sceneLighting":false,"audioPlay":false,"sceneViewState":{"showFog":true,"showMaterialUpdate":true,"showSkybox":false,"showFlares":true,"showImageEffects":true,"showParticleSystems":true},"in2DMode":false,"pivot":{"x":5.376218795776367,"y":0.45212459564208987,"z":2.981616973876953},"rotation":{"x":0.23740693926811219,"y":-0.09598370641469956,"z":0.023585813120007516,"w":0.9663727283477783},"size":13.910978317260743,"orthographic":false}