{"cameraMode":{"drawMode":0,"name":"Shaded","section":"Shading Mode"},"sceneLighting":false,"audioPlay":false,"sceneViewState":{"showFog":true,"showMaterialUpdate":true,"showSkybox":false,"showFlares":true,"showImageEffects":true,"showParticleSystems":true},"in2DMode":false,"pivot":{"x":5.480000019073486,"y":2.0399999618530275,"z":3.2300000190734865},"rotation":{"x":0.015918847173452379,"y":0.9843207597732544,"z":-0.13247425854206086,"w":0.11623602360486984},"size":4.470267295837402,"orthographic":false}