{"cameraMode":{"drawMode":0,"name":"Shaded","section":"Shading Mode"},"sceneLighting":false,"audioPlay":false,"sceneViewState":{"showFog":true,"showMaterialUpdate":true,"showSkybox":false,"showFlares":true,"showImageEffects":true,"showParticleSystems":true},"in2DMode":false,"pivot":{"x":-0.22003138065338136,"y":1.5068800449371338,"z":15.321627616882325},"rotation":{"x":0.08029983937740326,"y":-0.01794261671602726,"z":0.0014251916436478496,"w":0.9966230392456055},"size":9.167019844055176,"orthographic":false}