{"cameraMode":{"drawMode":0,"name":"Shaded","section":"Shading Mode"},"sceneLighting":false,"audioPlay":false,"sceneViewState":{"showFog":true,"showMaterialUpdate":true,"showSkybox":false,"showFlares":true,"showImageEffects":true,"showParticleSystems":true},"in2DMode":false,"pivot":{"x":1105.9794921875,"y":13.445638656616211,"z":1947.7196044921875},"rotation":{"x":0.0726785659790039,"y":0.9163931012153626,"z":-0.1947544813156128,"w":0.3421098291873932},"size":10.616878509521485,"orthographic":false}