{"cameraMode":{"drawMode":0,"name":"Shaded","section":"Shading Mode"},"sceneLighting":false,"audioPlay":false,"sceneViewState":{"showFog":true,"showMaterialUpdate":true,"showSkybox":false,"showFlares":true,"showImageEffects":true,"showParticleSystems":true},"in2DMode":false,"pivot":{"x":1799.7139892578125,"y":28.982322692871095,"z":3480.31787109375},"rotation":{"x":-0.11162148416042328,"y":-0.02772972546517849,"z":0.003115364583209157,"w":-0.9933603405952454},"size":2.5062806606292726,"orthographic":false}