{"cameraMode":{"drawMode":0,"name":"Shaded","section":"Shading Mode"},"sceneLighting":false,"audioPlay":false,"sceneViewState":{"showFog":true,"showMaterialUpdate":true,"showSkybox":false,"showFlares":true,"showImageEffects":true,"showParticleSystems":true},"in2DMode":false,"pivot":{"x":1124.2430419921875,"y":14.982917785644532,"z":2720.880859375},"rotation":{"x":-0.11162148416042328,"y":-0.02772972546517849,"z":0.003115364583209157,"w":-0.9933603405952454},"size":0.7062796354293823,"orthographic":false}