{"cameraMode":{"drawMode":0,"name":"Shaded","section":"Shading Mode"},"sceneLighting":false,"audioPlay":false,"sceneViewState":{"showFog":true,"showMaterialUpdate":true,"showSkybox":false,"showFlares":true,"showImageEffects":true,"showParticleSystems":true},"in2DMode":false,"pivot":{"x":-2.0208396911621095,"y":1.628758430480957,"z":-1.0130090713500977},"rotation":{"x":0.23054315149784089,"y":-0.17117983102798463,"z":0.04124324396252632,"w":0.9570025205612183},"size":15.246017456054688,"orthographic":false}