{"cameraMode":{"drawMode":0,"name":"Shaded","section":"Shading Mode"},"sceneLighting":false,"audioPlay":false,"sceneViewState":{"showFog":true,"showMaterialUpdate":true,"showSkybox":false,"showFlares":true,"showImageEffects":true,"showParticleSystems":true},"in2DMode":false,"pivot":{"x":1141.319580078125,"y":32.44264602661133,"z":3894.025390625},"rotation":{"x":-0.30995312333106997,"y":0.2571708559989929,"z":-0.08746930956840515,"w":-0.911138117313385},"size":13.69596004486084,"orthographic":false}