{"cameraMode":{"drawMode":0,"name":"Shaded","section":"Shading Mode"},"sceneLighting":false,"audioPlay":false,"sceneViewState":{"showFog":true,"showMaterialUpdate":true,"showSkybox":false,"showFlares":true,"showImageEffects":true,"showParticleSystems":true},"in2DMode":false,"pivot":{"x":1156.0,"y":31.34000015258789,"z":3907.39990234375},"rotation":{"x":0.0627402737736702,"y":0.9015832543373108,"z":-0.13986587524414063,"w":0.4045677185058594},"size":11.341876029968262,"orthographic":false}