{"cameraMode":{"drawMode":0,"name":"Shaded","section":"Shading Mode"},"sceneLighting":false,"audioPlay":false,"sceneViewState":{"showFog":true,"showMaterialUpdate":true,"showSkybox":false,"showFlares":true,"showImageEffects":true,"showParticleSystems":true},"in2DMode":false,"pivot":{"x":1141.3199462890625,"y":31.067691802978517,"z":3890.703125},"rotation":{"x":-0.18848609924316407,"y":0.2592223882675171,"z":-0.05215609818696976,"w":-0.9459384679794312},"size":8.577933311462403,"orthographic":false}